<?xml version="1.0" encoding="utf-8" ?><CacheInfo xsi:type='typens:CacheInfo' xmlns:xsi='http://www.w3.org/2001/XMLSchema-instance' xmlns:xs='http://www.w3.org/2001/XMLSchema' xmlns:typens='http://www.esri.com/schemas/ArcGIS/10.1'><TileCacheInfo xsi:type='typens:TileCacheInfo'><SpatialReference xsi:type='typens:ProjectedCoordinateSystem'><WKT>PROJCS[&quot;WGS_1984_Web_Mercator_Auxiliary_Sphere&quot;,GEOGCS[&quot;GCS_WGS_1984&quot;,DATUM[&quot;D_WGS_1984&quot;,SPHEROID[&quot;WGS_1984&quot;,6378137.0,298.257223563]],PRIMEM[&quot;Greenwich&quot;,0.0],UNIT[&quot;Degree&quot;,0.0174532925199433]],PROJECTION[&quot;Mercator_Auxiliary_Sphere&quot;],PARAMETER[&quot;False_Easting&quot;,0.0],PARAMETER[&quot;False_Northing&quot;,0.0],PARAMETER[&quot;Central_Meridian&quot;,0.0],PARAMETER[&quot;Standard_Parallel_1&quot;,0.0],PARAMETER[&quot;Auxiliary_Sphere_Type&quot;,0.0],UNIT[&quot;Meter&quot;,1.0],AUTHORITY[&quot;EPSG&quot;,3857]]</WKT><XOrigin>-20037700</XOrigin><YOrigin>-30241100</YOrigin><XYScale>148923141.92838538</XYScale><ZOrigin>-100000</ZOrigin><ZScale>10000</ZScale><MOrigin>-100000</MOrigin><MScale>10000</MScale><XYTolerance>0.001</XYTolerance><ZTolerance>0.001</ZTolerance><MTolerance>0.001</MTolerance><HighPrecision>true</HighPrecision><WKID>102100</WKID><LatestWKID>3857</LatestWKID></SpatialReference><TileOrigin xsi:type='typens:PointN'><X>-20037700</X><Y>30241100</Y></TileOrigin><TileCols>256</TileCols><TileRows>256</TileRows><DPI>96</DPI><LODInfos xsi:type='typens:ArrayOfLODInfo'><LODInfo xsi:type='typens:LODInfo'><LevelID>0</LevelID><Scale>250000</Scale><Resolution>66.145965625264594</Resolution></LODInfo><LODInfo xsi:type='typens:LODInfo'><LevelID>1</LevelID><Scale>125000</Scale><Resolution>33.072982812632297</Resolution></LODInfo><LODInfo xsi:type='typens:LODInfo'><LevelID>2</LevelID><Scale>64000</Scale><Resolution>16.933367200067735</Resolution></LODInfo><LODInfo xsi:type='typens:LODInfo'><LevelID>3</LevelID><Scale>32000</Scale><Resolution>8.4666836000338677</Resolution></LODInfo><LODInfo xsi:type='typens:LODInfo'><LevelID>4</LevelID><Scale>16000</Scale><Resolution>4.2333418000169338</Resolution></LODInfo></LODInfos></TileCacheInfo><TileImageInfo xsi:type='typens:TileImageInfo'><CacheTileFormat>PNG8</CacheTileFormat><CompressionQuality>0</CompressionQuality><Antialiasing>false</Antialiasing></TileImageInfo><CacheStorageInfo xsi:type='typens:CacheStorageInfo'><StorageFormat>esriMapCacheStorageModeCompact</StorageFormat><PacketSize>128</PacketSize></CacheStorageInfo></CacheInfo>